vol_id,name,skill_set,lat,lon,availability
VOL_000,David York,['EMT'],28.651787,77.167265,Weekday
VOL_001,Michael Martinez,['Cleaning'],28.619788,77.250846,Evening
VOL_002,Heather Fisher,"['Data Entry', 'Nurse']",28.56268,77.243363,Evening
VOL_003,Karen Sanders,"['Shelter Management', 'Heavy Lifting', 'Nurse']",28.610425,77.180915,Weekday
VOL_004,Michael Diaz,"['Cooking', 'Heavy Lifting']",28.697073,77.18399,Weekday
VOL_005,John Kane,"['IT Support', 'Event Setup', 'Logistics']",28.608637,77.281708,Weekday
VOL_006,Eric Blake,"['EMT', 'Cooking']",28.691678,77.274319,Evening
VOL_007,Jon Adams,"['Cleaning', 'EMT']",28.682682,77.204146,Evening
VOL_008,James Mendoza,['Data Entry'],28.588903,77.166076,Full-time
VOL_009,Hannah Evans,['Accounting'],28.663687,77.134599,Evening
VOL_010,Tony Pruitt,"['Accounting', 'Translation', 'Surgeon']",28.687452,77.258991,Weekday
VOL_011,Samuel Rogers,"['Cooking', 'Shelter Management', 'Trauma Care']",28.590667,77.280074,Evening
VOL_012,Michael Jensen,"['IT Support', 'Social Media']",28.68634,77.209967,Evening
VOL_013,Richard Clarke,['Cleaning'],28.541185,77.112775,Weekend
VOL_014,Courtney Webb,"['IT Support', 'Search & Rescue']",28.615212,77.179296,Weekend
VOL_015,Angela Stewart,['Shelter Management'],28.530117,77.199224,Weekend
VOL_016,Benjamin Taylor,"['Gardening', 'Surgeon']",28.552511,77.142725,Weekday
VOL_017,Megan Nguyen MD,"['Accounting', 'Teaching', 'Mentoring']",28.622974,77.181392,Evening
VOL_018,Oscar Morse,"['Cooking', 'Teaching', 'EMT']",28.675964,77.268686,Evening
VOL_019,Linda Mills,"['Gardening', 'Trauma Care', 'Cooking']",28.685755,77.232628,Evening
VOL_020,Lisa Stewart,['Logistics'],28.679644,77.198912,Weekend
VOL_021,Amy White,['Heavy Lifting'],28.617957,77.125018,Weekday
VOL_022,Cody Cook,"['First Aid', 'Accounting']",28.621445,77.284179,Full-time
VOL_023,Nicole Cook,['Data Entry'],28.673286,77.230389,Weekend
VOL_024,Maurice Gardner,"['Surgeon', 'Search & Rescue']",28.519647,77.282267,Evening
VOL_025,Brenda Myers,"['Teaching', 'Search & Rescue', 'Trauma Care']",28.586918,77.133614,Evening
VOL_026,Jason Lewis,['Trauma Care'],28.707295,77.159422,Weekend
VOL_027,Alexandra Andrade,"['Translation', 'Trauma Care']",28.70521,77.290116,Evening
VOL_028,John West,['Child Care'],28.670925,77.260321,Full-time
VOL_029,Timothy Escobar,"['Event Setup', 'Heavy Lifting', 'Mentoring']",28.537123,77.23555,Weekend
VOL_030,Anna Keith,"['Nurse', 'Cleaning']",28.674758,77.269232,Full-time
VOL_031,Mary Fischer,"['IT Support', 'First Aid', 'Gardening']",28.586229,77.263367,Full-time
VOL_032,Emily Payne,"['Accounting', 'Social Media', 'EMT']",28.668653,77.165479,Weekday
VOL_033,Andrew Underwood,"['Heavy Lifting', 'Translation']",28.513961,77.200417,Evening
VOL_034,Mary Williams,['Cooking'],28.680662,77.285569,Weekday
VOL_035,Monica Allen,['Data Entry'],28.515546,77.15656,Weekend
VOL_036,Kayla Collins,"['First Aid', 'Event Setup']",28.709376,77.218109,Weekend
VOL_037,James Martinez,"['Cleaning', 'Trauma Care']",28.613268,77.168547,Weekend
VOL_038,Adam Reyes,"['IT Support', 'Trauma Care']",28.519328,77.273543,Weekday
VOL_039,Regina Rodriguez,"['Teaching', 'Gardening']",28.582359,77.133548,Weekday
VOL_040,Douglas Henderson,"['Nurse', 'Cooking', 'Data Entry']",28.654406,77.26206,Weekday
VOL_041,Samuel Reid,"['Nurse', 'EMT', 'Translation']",28.592895,77.223577,Evening
VOL_042,Alicia Bailey,"['Shelter Management', 'Cleaning', 'Heavy Lifting']",28.564522,77.264347,Weekday
VOL_043,Mariah Henderson,"['Social Media', 'Mentoring']",28.617605,77.275666,Full-time
VOL_044,Paul Hernandez,"['Teaching', 'Mentoring']",28.536635,77.149442,Evening
VOL_045,Kelly Newton,['Translation'],28.58991,77.182722,Evening
VOL_046,Michael Crawford,"['Surgeon', 'Social Media']",28.519864,77.187965,Evening
VOL_047,Shari Chavez,"['Social Media', 'Event Setup', 'Mentoring']",28.65138,77.115563,Full-time
VOL_048,Joseph Mendez,"['IT Support', 'Event Setup']",28.619881,77.1391,Evening
VOL_049,Taylor Herrera,['Cooking'],28.680156,77.308591,Weekend
VOL_050,Jennifer Pratt,"['Translation', 'Cleaning', 'Surgeon']",28.612011,77.112711,Weekend
VOL_051,Elizabeth Townsend,"['Trauma Care', 'Translation', 'Nurse']",28.667699,77.186981,Weekend
VOL_052,Austin Reeves,"['Child Care', 'Teaching', 'Cooking']",28.533121,77.249976,Weekend
VOL_053,Angela Golden,"['Cleaning', 'Child Care', 'IT Support']",28.641356,77.240095,Evening
VOL_054,Trevor Thomas,['Data Entry'],28.692884,77.237807,Evening
VOL_055,Carl Curtis,['Shelter Management'],28.587083,77.208934,Full-time
VOL_056,Hailey Gomez,"['Cleaning', 'Accounting']",28.587364,77.209543,Full-time
VOL_057,Christopher Gonzalez,"['Social Media', 'Teaching']",28.529966,77.27354,Evening
VOL_058,Lindsay Davis,['Data Entry'],28.629386,77.276346,Evening
VOL_059,Rodney Smith,['IT Support'],28.691694,77.298449,Weekend
VOL_060,Tonya Pitts,['Teaching'],28.605724,77.307388,Full-time
VOL_061,Dr. Robert Riley,"['IT Support', 'Social Media']",28.688392,77.306087,Evening
VOL_062,Joel Mcknight,['Surgeon'],28.519807,77.21421,Full-time
VOL_063,Charles Coleman,"['Child Care', 'Nurse', 'Logistics']",28.613534,77.14965,Evening
VOL_064,Karen Harris,['Event Setup'],28.69538,77.111102,Evening
VOL_065,Linda Lane,"['Heavy Lifting', 'Gardening', 'Trauma Care']",28.598158,77.128703,Evening
VOL_066,Andrea Oliver,['Event Setup'],28.626451,77.247985,Weekend
VOL_067,Christopher Johnson,"['Event Setup', 'Data Entry', 'Child Care']",28.70214,77.149887,Weekend
VOL_068,Samuel Espinoza,"['Gardening', 'IT Support']",28.606584,77.296406,Weekend
VOL_069,Kevin Cannon,"['Gardening', 'Accounting', 'IT Support']",28.540314,77.225903,Full-time
VOL_070,Matthew Hunt,['Child Care'],28.54968,77.128474,Full-time
VOL_071,Zachary Johnston PhD,['Data Entry'],28.603404,77.242045,Weekday
VOL_072,Linda Ortega,"['Translation', 'Search & Rescue']",28.664077,77.245186,Full-time
VOL_073,Frank Riley,"['Logistics', 'Accounting']",28.523403,77.281179,Weekend
VOL_074,Samuel Dominguez,"['Accounting', 'Logistics']",28.668072,77.129025,Evening
VOL_075,Karen Smith,"['Cleaning', 'Logistics', 'Nurse']",28.680042,77.140159,Evening
VOL_076,Kyle Thompson,"['Nurse', 'Cleaning']",28.580738,77.29647,Weekday
VOL_077,Christine Miller,"['Heavy Lifting', 'Cooking', 'First Aid']",28.600666,77.248885,Full-time
VOL_078,Patricia Obrien,"['Data Entry', 'Gardening']",28.572132,77.212336,Full-time
VOL_079,Jeffrey Henry,['Gardening'],28.564399,77.124185,Weekend
VOL_080,Katherine Johnson,['Gardening'],28.667131,77.259221,Full-time
VOL_081,Danielle Lopez,"['Accounting', 'IT Support']",28.685747,77.19664,Full-time
VOL_082,Angie Brown,"['EMT', 'Heavy Lifting']",28.603514,77.200291,Weekend
VOL_083,Stacy Moore,['Data Entry'],28.592213,77.161753,Evening
VOL_084,Dylan Gibson,"['Gardening', 'Social Media', 'EMT']",28.591847,77.282557,Weekend
VOL_085,Michael Wilson,"['Teaching', 'Accounting', 'Translation']",28.692171,77.277979,Weekday
VOL_086,Jennifer Santana,"['Child Care', 'Cleaning']",28.640678,77.181216,Full-time
VOL_087,Patrick Murphy,"['Data Entry', 'Nurse', 'Social Media']",28.544186,77.290125,Weekday
VOL_088,Ryan Shelton,"['First Aid', 'IT Support']",28.645827,77.166908,Full-time
VOL_089,Sophia Reynolds,"['First Aid', 'Teaching', 'Search & Rescue']",28.52189,77.129698,Evening
VOL_090,Sheryl Smith,['Translation'],28.597835,77.112252,Evening
VOL_091,Monica Clark,"['Nurse', 'Trauma Care', 'Social Media']",28.551142,77.132522,Full-time
VOL_092,Angela Lewis,"['Teaching', 'Mentoring']",28.705704,77.148079,Weekday
VOL_093,Caleb Tran,"['IT Support', 'Accounting']",28.699889,77.229902,Weekend
VOL_094,Alison Blanchard,"['Mentoring', 'Social Media']",28.690224,77.110018,Weekday
VOL_095,Douglas Dodson,"['Data Entry', 'IT Support', 'Accounting']",28.574771,77.257774,Evening
VOL_096,John Collins,"['Cooking', 'Mentoring']",28.650856,77.173028,Weekend
VOL_097,Stephen Nguyen,"['Data Entry', 'Cooking', 'Gardening']",28.551445,77.292403,Weekend
VOL_098,Patrick Allen,"['Logistics', 'Social Media']",28.629158,77.178368,Evening
VOL_099,Jonathan Reed,"['Cooking', 'EMT']",28.669437,77.208315,Weekday
VOL_100,Troy Wright,"['Logistics', 'Cleaning']",28.711248,77.291431,Full-time
VOL_101,Mrs. Laura Smith,['Child Care'],28.712794,77.119228,Weekend
VOL_102,Christine Wood,"['Data Entry', 'Shelter Management', 'Event Setup']",28.69692,77.257286,Weekday
VOL_103,Dr. George Solis,"['Translation', 'Shelter Management']",28.603762,77.299296,Evening
VOL_104,Lisa Day,['Mentoring'],28.678994,77.248355,Weekday
VOL_105,James Gibbs,"['Social Media', 'Cooking']",28.548958,77.282143,Weekday
VOL_106,George Raymond,"['Cleaning', 'Shelter Management']",28.55687,77.145907,Full-time
VOL_107,Douglas Ramos,"['Surgeon', 'Child Care', 'Heavy Lifting']",28.701683,77.161436,Evening
VOL_108,Cynthia Bush,"['Translation', 'Cleaning']",28.618865,77.130367,Evening
VOL_109,Brad Campbell,"['Data Entry', 'Nurse']",28.64351,77.194894,Weekend
VOL_110,Charles Buchanan,"['Cleaning', 'Child Care', 'Accounting']",28.541387,77.153063,Evening
VOL_111,Christopher Flynn,"['Gardening', 'Nurse']",28.536511,77.202873,Evening
VOL_112,Richard Madden,"['EMT', 'IT Support', 'Search & Rescue']",28.530619,77.226365,Weekend
VOL_113,John Lynch,"['Nurse', 'Social Media', 'Logistics']",28.710898,77.254434,Weekend
VOL_114,Michael Boyd,['Teaching'],28.699189,77.158283,Full-time
VOL_115,Charles Schroeder,['Child Care'],28.522794,77.28617,Weekday
VOL_116,Bryce Casey,"['Surgeon', 'Search & Rescue', 'Gardening']",28.557988,77.170213,Full-time
VOL_117,Phillip Smith,['Surgeon'],28.65974,77.163577,Full-time
VOL_118,Mark Pineda,['Nurse'],28.635387,77.281276,Weekend
VOL_119,Tyler West,"['Mentoring', 'Translation', 'Social Media']",28.578261,77.10903,Full-time
VOL_120,Marc Hall,['Gardening'],28.713885,77.302997,Full-time
VOL_121,Jacqueline Silva,['Nurse'],28.693137,77.306333,Full-time
VOL_122,Tammy Turner,"['Child Care', 'Nurse', 'Heavy Lifting']",28.523372,77.171286,Weekday
VOL_123,Melissa Stewart,['Shelter Management'],28.582736,77.129846,Weekend
VOL_124,Cameron Scott,"['Heavy Lifting', 'Logistics', 'First Aid']",28.60887,77.258434,Full-time
VOL_125,Cynthia Mason,"['EMT', 'Event Setup', 'Mentoring']",28.683085,77.161641,Weekend
VOL_126,Kelly King,"['EMT', 'Social Media', 'First Aid']",28.690055,77.260127,Weekday
VOL_127,John Ward,"['IT Support', 'Accounting']",28.633176,77.194315,Evening
VOL_128,Shane Carter,"['Search & Rescue', 'Teaching']",28.560336,77.303239,Full-time
VOL_129,Joseph Tucker,"['Mentoring', 'Surgeon', 'IT Support']",28.659227,77.119363,Weekday
VOL_130,Eugene Morrow,"['Child Care', 'Heavy Lifting', 'Surgeon']",28.656642,77.16126,Evening
VOL_131,Nicole Wright,"['Teaching', 'Cleaning', 'Shelter Management']",28.62482,77.131699,Evening
VOL_132,Jennifer Bauer,"['Cooking', 'First Aid', 'Mentoring']",28.662082,77.122068,Weekend
VOL_133,Matthew Smith,"['Search & Rescue', 'Child Care', 'EMT']",28.522637,77.241761,Evening
VOL_134,Mr. Nicholas Wade,['Accounting'],28.572839,77.239092,Full-time
VOL_135,Andrew Cantu,"['Cooking', 'IT Support']",28.660879,77.142354,Weekday
VOL_136,Patricia Harmon,"['Event Setup', 'Social Media']",28.618307,77.113455,Weekend
VOL_137,Shelby Cook,"['Shelter Management', 'Translation', 'Heavy Lifting']",28.674389,77.151534,Evening
VOL_138,Mary Camacho,['Child Care'],28.626234,77.289824,Full-time
VOL_139,Ruben Cobb,"['Mentoring', 'Event Setup']",28.713602,77.273333,Full-time
VOL_140,Kenneth Reed,"['Cooking', 'Shelter Management']",28.57748,77.274345,Weekend
VOL_141,Daniel Anderson,"['Accounting', 'Heavy Lifting', 'Gardening']",28.706175,77.128733,Evening
VOL_142,Darius Mcbride,"['Search & Rescue', 'Heavy Lifting']",28.519418,77.140433,Weekend
VOL_143,Shane Conner,"['Gardening', 'Heavy Lifting']",28.514524,77.132096,Weekend
VOL_144,Phillip Andrade,"['Logistics', 'Cooking', 'Trauma Care']",28.636923,77.288284,Weekend
VOL_145,Andrew Rogers,"['Mentoring', 'Teaching', 'IT Support']",28.641166,77.240491,Full-time
VOL_146,Sheila Smith,"['Child Care', 'Event Setup']",28.515277,77.248976,Evening
VOL_147,Tracey Walters,['Translation'],28.62523,77.190801,Evening
VOL_148,Sylvia Parsons,"['Cooking', 'First Aid']",28.634542,77.160825,Full-time
VOL_149,Deborah Scott,"['Trauma Care', 'Social Media', 'Child Care']",28.688626,77.196908,Full-time
VOL_150,Cody Larsen,['Logistics'],28.519499,77.213918,Evening
VOL_151,Sean Atkins,"['Shelter Management', 'Gardening']",28.669943,77.171212,Full-time
VOL_152,Lisa Ford,"['Gardening', 'Event Setup']",28.649931,77.188999,Weekend
VOL_153,Amy Hunt,"['First Aid', 'Mentoring', 'Shelter Management']",28.68066,77.144566,Weekday
VOL_154,Kimberly Cherry,"['Teaching', 'Child Care', 'Trauma Care']",28.545451,77.255802,Weekend
VOL_155,Phillip Young,"['Mentoring', 'Logistics', 'First Aid']",28.514835,77.179566,Weekday
VOL_156,Jeremy Levy,"['Event Setup', 'Data Entry', 'Logistics']",28.688887,77.304858,Weekday
VOL_157,Lindsey Rivera,"['Heavy Lifting', 'Cleaning', 'Shelter Management']",28.581743,77.132678,Full-time
VOL_158,Larry Evans,['Accounting'],28.57248,77.296896,Weekend
VOL_159,Ashley Turner,"['Child Care', 'Data Entry']",28.694341,77.174392,Evening
VOL_160,Natalie Lee,"['First Aid', 'Nurse', 'Social Media']",28.681701,77.205274,Evening
VOL_161,Martha Evans,"['Mentoring', 'Nurse', 'Gardening']",28.635105,77.174297,Evening
VOL_162,Denise Gonzales,['Social Media'],28.595811,77.122828,Weekend
VOL_163,Sean Davis,"['Cooking', 'Gardening']",28.597813,77.299614,Evening
VOL_164,James Shepard,"['Accounting', 'Surgeon']",28.690952,77.187814,Evening
VOL_165,Mrs. Rebecca Banks,['IT Support'],28.708324,77.242259,Weekday
VOL_166,Jennifer Keith,"['Trauma Care', 'Cooking', 'Translation']",28.623495,77.125299,Evening
VOL_167,Ashley Thomas,"['Data Entry', 'IT Support']",28.687256,77.127992,Weekday
VOL_168,Christopher Jones,['EMT'],28.678675,77.268654,Evening
VOL_169,Megan Smith,['Shelter Management'],28.611543,77.267159,Weekday
VOL_170,Catherine Washington,"['First Aid', 'Search & Rescue', 'Teaching']",28.547622,77.239756,Evening
VOL_171,Shannon Davis,"['First Aid', 'EMT', 'Data Entry']",28.582242,77.244771,Weekend
VOL_172,Lisa Hogan,"['EMT', 'IT Support']",28.55339,77.213515,Weekend
VOL_173,Erika Griffith,['Data Entry'],28.679814,77.260847,Full-time
VOL_174,Kathleen Gray,"['Mentoring', 'Translation', 'Heavy Lifting']",28.612642,77.308443,Weekday
VOL_175,Caleb Martinez,"['Child Care', 'Cleaning']",28.624364,77.116825,Full-time
VOL_176,Teresa Kelley,"['EMT', 'Trauma Care', 'Nurse']",28.527485,77.162635,Weekday
VOL_177,Michelle Acosta MD,"['Event Setup', 'Translation', 'IT Support']",28.698948,77.159978,Weekday
VOL_178,Joshua Hartman,['Social Media'],28.550787,77.254286,Weekend
VOL_179,Melissa Rivera,['Cleaning'],28.712715,77.25558,Evening
VOL_180,Jonathan Edwards,"['Teaching', 'Translation', 'Accounting']",28.639622,77.154798,Evening
VOL_181,Deborah West,"['Child Care', 'First Aid']",28.619799,77.132875,Full-time
VOL_182,Jeffrey Johnson,"['Nurse', 'Teaching']",28.514266,77.126609,Evening
VOL_183,Brooke Burns,"['Search & Rescue', 'Logistics', 'Surgeon']",28.604613,77.213819,Full-time
VOL_184,Steven Boyer,"['Cleaning', 'Translation']",28.653357,77.227538,Full-time
VOL_185,Christopher Brown,"['Search & Rescue', 'Mentoring']",28.620257,77.142037,Evening
VOL_186,Adriana Miller,"['EMT', 'Heavy Lifting']",28.701288,77.248853,Full-time
VOL_187,David Davis,"['Shelter Management', 'Translation']",28.616737,77.139061,Weekday
VOL_188,Laurie Wright,"['Child Care', 'Search & Rescue', 'Translation']",28.625866,77.145831,Weekday
VOL_189,Heidi Riley,"['Trauma Care', 'IT Support']",28.609399,77.1754,Weekend
VOL_190,Lauren Schmidt,"['IT Support', 'Cooking']",28.707253,77.262024,Weekend
VOL_191,Joseph Gardner,"['Data Entry', 'IT Support', 'Search & Rescue']",28.594496,77.231492,Full-time
VOL_192,Christopher Miller,['EMT'],28.523689,77.27901,Weekday
VOL_193,Lorraine Tyler,"['Logistics', 'Shelter Management']",28.549888,77.150475,Weekday
VOL_194,Penny Vaughn,"['Cooking', 'First Aid']",28.646109,77.226517,Weekend
VOL_195,Kim Morris,"['Cooking', 'First Aid']",28.700238,77.278877,Weekend
VOL_196,Jessica Graham,"['EMT', 'Mentoring']",28.572916,77.295764,Full-time
VOL_197,Oscar Bauer,"['Surgeon', 'Heavy Lifting']",28.670624,77.217071,Weekday
VOL_198,Ms. Rhonda Jimenez MD,"['First Aid', 'Accounting']",28.581952,77.169486,Full-time
VOL_199,Michael Anthony,['Cleaning'],28.611956,77.219707,Weekday
VOL_200,Sara Terry,['Child Care'],28.583964,77.194484,Weekend
VOL_201,Sandra Mcdaniel,['Logistics'],28.522619,77.267325,Evening
VOL_202,Donna Munoz,['Child Care'],28.631218,77.126544,Weekday
VOL_203,Kimberly Elliott,['Search & Rescue'],28.54735,77.188913,Full-time
VOL_204,Sarah Lopez,"['Accounting', 'Search & Rescue']",28.598096,77.184758,Full-time
VOL_205,Suzanne Evans,"['Nurse', 'Search & Rescue', 'Event Setup']",28.588771,77.224474,Weekend
VOL_206,Robert Harrison,['Social Media'],28.571278,77.184185,Evening
VOL_207,Christopher Benson,['IT Support'],28.645701,77.241199,Evening
VOL_208,Shelby Flores,"['Nurse', 'Mentoring', 'Accounting']",28.680611,77.122326,Weekend
VOL_209,Ethan Anderson,"['Child Care', 'Gardening']",28.707739,77.161713,Evening
VOL_210,Joseph Martin,['Social Media'],28.597782,77.168382,Full-time
VOL_211,Andrea Harris,"['First Aid', 'Cleaning']",28.552223,77.199215,Weekend
VOL_212,Casey Gomez,"['Data Entry', 'Heavy Lifting']",28.572653,77.306772,Weekend
VOL_213,Dr. Chase Cooper,"['Gardening', 'Heavy Lifting', 'Surgeon']",28.576642,77.256502,Evening
VOL_214,Jennifer Anderson,"['Gardening', 'Surgeon']",28.569446,77.302091,Evening
VOL_215,Robert Perez,"['Child Care', 'Shelter Management']",28.584311,77.138577,Weekend
VOL_216,David Merritt,"['First Aid', 'Heavy Lifting']",28.59261,77.271455,Weekday
VOL_217,Courtney Herrera,"['Child Care', 'Trauma Care', 'Gardening']",28.698539,77.163509,Weekend
VOL_218,Steven Tran,"['Trauma Care', 'Translation', 'Cleaning']",28.522839,77.227808,Evening
VOL_219,Heidi Bowen,['Cooking'],28.605864,77.203432,Weekend
VOL_220,Katherine West,"['Teaching', 'Shelter Management']",28.650684,77.115643,Evening
VOL_221,Jonathan Lawson,"['Translation', 'First Aid', 'Social Media']",28.626316,77.281455,Weekday
VOL_222,Jacqueline Edwards,"['Cooking', 'Gardening']",28.591563,77.220005,Evening
VOL_223,Diane Collins,['Child Care'],28.663459,77.220701,Evening
VOL_224,Dr. Allison Valdez MD,"['Trauma Care', 'Accounting', 'Social Media']",28.571115,77.146441,Weekend
VOL_225,Mark Larson,"['Event Setup', 'Accounting']",28.609242,77.123995,Weekend
VOL_226,Gregory Johnson,['Nurse'],28.624916,77.125498,Weekend
VOL_227,Hayden Little,"['Trauma Care', 'Teaching', 'Data Entry']",28.516811,77.143981,Weekday
VOL_228,Diana Lopez,['Cooking'],28.60914,77.282567,Weekday
VOL_229,William Newman,['Nurse'],28.699474,77.139597,Weekend
VOL_230,Jill Smith,"['Shelter Management', 'Surgeon', 'Social Media']",28.530529,77.286368,Weekday
VOL_231,Robert Peterson,"['Search & Rescue', 'Shelter Management']",28.551178,77.128291,Weekday
VOL_232,Sarah Sellers,"['Accounting', 'Logistics']",28.644158,77.176922,Evening
VOL_233,Michael Rodriguez,"['Social Media', 'Gardening', 'Teaching']",28.60025,77.218321,Evening
VOL_234,Ricky Pratt,"['Child Care', 'Teaching', 'Search & Rescue']",28.534162,77.160498,Weekday
VOL_235,Mrs. Adrienne Mendez,"['Logistics', 'Shelter Management', 'Cleaning']",28.650816,77.155253,Evening
VOL_236,Jeffrey Jacobs,"['Child Care', 'Cooking', 'Event Setup']",28.668473,77.306362,Weekend
VOL_237,Joshua Stevens,['Translation'],28.660031,77.131546,Weekend
VOL_238,Hannah Lewis,['Cleaning'],28.573249,77.202505,Evening
VOL_239,Kelly Davis,['Teaching'],28.612481,77.20417,Full-time
VOL_240,Jane Wagner,"['Social Media', 'Cleaning', 'Logistics']",28.644964,77.17683,Weekday
VOL_241,Meagan Powell,"['Trauma Care', 'Gardening']",28.642042,77.149843,Weekend
VOL_242,Cassandra Johnson MD,['Teaching'],28.684176,77.208371,Weekend
VOL_243,Susan Farmer,"['Accounting', 'Mentoring', 'Shelter Management']",28.686446,77.110814,Full-time
VOL_244,Jessica Jensen,"['IT Support', 'Teaching']",28.518251,77.185197,Full-time
VOL_245,Justin Preston,"['Mentoring', 'Gardening', 'Child Care']",28.641537,77.136124,Weekend
VOL_246,Darren Mayer,['Trauma Care'],28.658644,77.114715,Evening
VOL_247,Derrick Barnes,['Translation'],28.702889,77.146815,Evening
VOL_248,Gabrielle Dean,"['Accounting', 'Mentoring', 'Cleaning']",28.623781,77.139087,Full-time
VOL_249,Lori Estrada,"['Trauma Care', 'Child Care']",28.517615,77.202949,Full-time
VOL_250,Katherine Smith,"['Search & Rescue', 'Event Setup', 'Social Media']",28.515407,77.216091,Evening
VOL_251,Chad Andrews,['EMT'],28.52805,77.142044,Weekend
VOL_252,Thomas Ortiz,"['Social Media', 'Cooking']",28.578655,77.135676,Full-time
VOL_253,Tristan Wells,"['Mentoring', 'First Aid']",28.576535,77.292161,Full-time
VOL_254,Lisa Ferguson,"['Event Setup', 'Surgeon']",28.595787,77.177815,Weekday
VOL_255,Kyle Andrews,['Child Care'],28.707375,77.184894,Evening
VOL_256,Virginia Smith,['Accounting'],28.672769,77.299669,Full-time
VOL_257,Robert Johnson,"['Heavy Lifting', 'Mentoring']",28.686264,77.294744,Weekday
VOL_258,Patricia Smith,"['Social Media', 'First Aid']",28.65207,77.113654,Weekend
VOL_259,Jared Wang,['First Aid'],28.642252,77.227684,Evening
VOL_260,Kathryn Arnold,"['IT Support', 'Cooking', 'Data Entry']",28.681256,77.213815,Weekday
VOL_261,Tony Snyder,['Social Media'],28.528203,77.270613,Evening
VOL_262,Julie Swanson,"['Event Setup', 'Accounting', 'Social Media']",28.519183,77.290062,Weekday
VOL_263,Amy Phelps,['Gardening'],28.539571,77.22387,Evening
VOL_264,Gregory Cunningham,"['Shelter Management', 'Cleaning', 'Accounting']",28.672248,77.151995,Weekend
VOL_265,Melissa Green,"['Event Setup', 'Trauma Care', 'Logistics']",28.593848,77.26816,Weekend
VOL_266,Terry Brown,"['Event Setup', 'Translation', 'Surgeon']",28.656225,77.257698,Full-time
VOL_267,Stacy Mitchell,"['Shelter Management', 'EMT', 'Event Setup']",28.52657,77.168332,Full-time
VOL_268,Mitchell Gardner,['Nurse'],28.579103,77.114449,Weekend
VOL_269,Angela Ballard,['Translation'],28.661004,77.287651,Weekend
VOL_270,Terry Mason,"['Event Setup', 'Child Care', 'Search & Rescue']",28.667157,77.228562,Evening
VOL_271,Katherine Barajas,['Accounting'],28.548031,77.200838,Full-time
VOL_272,Zachary Wilson,"['Teaching', 'First Aid', 'Cleaning']",28.669691,77.174196,Full-time
VOL_273,Sherry Pearson,"['Heavy Lifting', 'IT Support', 'Logistics']",28.639485,77.205178,Full-time
VOL_274,Cory Evans,['Nurse'],28.691037,77.152385,Weekend
VOL_275,Edwin Peck,"['Social Media', 'Mentoring', 'EMT']",28.617597,77.157535,Full-time
VOL_276,Ronald Montoya,"['Cleaning', 'Data Entry', 'Shelter Management']",28.57164,77.241693,Weekday
VOL_277,Johnathan Evans,['Logistics'],28.528201,77.117132,Evening
VOL_278,Kelsey Gibson,"['Cleaning', 'Cooking', 'Surgeon']",28.593656,77.163574,Evening
VOL_279,Diana Wright,['Data Entry'],28.543008,77.252825,Full-time
VOL_280,Jennifer Lewis,['IT Support'],28.635508,77.11715,Weekday
VOL_281,James Martin,"['Surgeon', 'Event Setup', 'Accounting']",28.517002,77.267657,Weekday
VOL_282,Renee Adams,['Translation'],28.565934,77.273117,Evening
VOL_283,Taylor Watson,"['Cleaning', 'Surgeon', 'Mentoring']",28.559057,77.157062,Full-time
VOL_284,Misty Robles,"['Trauma Care', 'Gardening']",28.545667,77.143676,Weekday
VOL_285,Gina Cohen,"['Heavy Lifting', 'Cleaning', 'EMT']",28.65924,77.158268,Evening
VOL_286,Michelle Mcintyre,"['Accounting', 'Cleaning', 'EMT']",28.576374,77.134743,Full-time
VOL_287,Courtney Landry,"['Shelter Management', 'Search & Rescue', 'Social Media']",28.542573,77.164064,Weekend
VOL_288,Tammy Lopez,"['Heavy Lifting', 'Logistics']",28.65557,77.275135,Full-time
VOL_289,Paige Murray,"['Social Media', 'Cleaning', 'IT Support']",28.709516,77.133298,Weekend
VOL_290,Cynthia Brown,"['Trauma Care', 'Cleaning']",28.544846,77.129347,Weekday
VOL_291,Mr. Gregory Everett,"['Mentoring', 'First Aid', 'Search & Rescue']",28.633251,77.200101,Evening
VOL_292,Lauren Ewing,"['Social Media', 'First Aid']",28.524214,77.121301,Weekend
VOL_293,Crystal Oliver,['Translation'],28.681953,77.220198,Evening
VOL_294,Matthew Huber,['Search & Rescue'],28.6862,77.30752,Evening
VOL_295,Dana Rose,"['Heavy Lifting', 'First Aid', 'Child Care']",28.68303,77.182568,Weekday
VOL_296,Joseph Reyes,['Accounting'],28.651489,77.148733,Full-time
VOL_297,Elizabeth Salazar,"['Event Setup', 'Translation', 'Accounting']",28.615394,77.129992,Full-time
VOL_298,Paul Harris,"['Social Media', 'Shelter Management']",28.536253,77.183386,Weekend
VOL_299,Matthew Olsen,"['Search & Rescue', 'Surgeon', 'Gardening']",28.625014,77.126768,Weekday
VOL_300,Christopher Jones,"['Data Entry', 'Child Care']",28.661038,77.176502,Weekday
VOL_301,Michael Green,['Mentoring'],28.529298,77.156599,Full-time
VOL_302,Chad Dunn,['Nurse'],28.566938,77.288909,Weekday
VOL_303,Mathew Clark,"['Translation', 'Accounting', 'IT Support']",28.696264,77.146743,Weekend
VOL_304,Ashlee Rodriguez,"['Search & Rescue', 'Logistics', 'Gardening']",28.648853,77.228996,Weekday
VOL_305,Jennifer Sims,"['Accounting', 'IT Support']",28.637142,77.177427,Weekday
VOL_306,Shannon Kelly,"['Cleaning', 'Search & Rescue']",28.65273,77.184303,Weekend
VOL_307,Theresa Huang,"['Cooking', 'Translation', 'Event Setup']",28.705037,77.192563,Evening
VOL_308,Terry Moran,['IT Support'],28.650488,77.218955,Weekend
VOL_309,Gregory Garcia,"['IT Support', 'Logistics']",28.707557,77.301512,Evening
VOL_310,Julie Williams,"['First Aid', 'Data Entry']",28.562927,77.272217,Weekend
VOL_311,Kristen Kelly,['Shelter Management'],28.697177,77.277753,Weekend
VOL_312,Gary Todd,"['Event Setup', 'Cooking']",28.676021,77.266733,Evening
VOL_313,Terry Perez,"['Nurse', 'Event Setup']",28.633124,77.158835,Weekday
VOL_314,Joyce Fitzgerald,['IT Support'],28.624486,77.114357,Weekday
VOL_315,Bethany Clayton,"['Gardening', 'Mentoring', 'Shelter Management']",28.665673,77.286163,Weekend
VOL_316,Jason Mora,['IT Support'],28.538777,77.157947,Full-time
VOL_317,Sarah Stokes,['Surgeon'],28.625242,77.249922,Evening
VOL_318,John Dixon,['Accounting'],28.543197,77.161705,Weekend
VOL_319,Jacob Bryant,"['Surgeon', 'Gardening']",28.59936,77.163631,Weekend
VOL_320,Joy Graham,"['IT Support', 'Accounting', 'Translation']",28.613513,77.234247,Evening
VOL_321,Emily Lee,"['EMT', 'Gardening']",28.692934,77.245431,Weekday
VOL_322,Michael Schmitt,"['Cleaning', 'EMT', 'Logistics']",28.615944,77.213715,Weekday
VOL_323,Shelby Thompson,"['Social Media', 'Gardening', 'Mentoring']",28.536586,77.244829,Evening
VOL_324,Alexander Jefferson,"['IT Support', 'Teaching', 'Search & Rescue']",28.560354,77.305236,Evening
VOL_325,Sharon Murphy,['Surgeon'],28.590567,77.237222,Weekday
VOL_326,Timothy Briggs,"['EMT', 'Shelter Management']",28.541871,77.233326,Evening
VOL_327,Jeffrey Harrington,['Translation'],28.701174,77.262056,Evening
VOL_328,Erica Brown,"['Child Care', 'Cleaning', 'Data Entry']",28.656481,77.128357,Full-time
VOL_329,Audrey Parker,"['Child Care', 'Data Entry']",28.572288,77.237328,Weekday
VOL_330,Stephen Lewis,"['Teaching', 'Logistics', 'Gardening']",28.622684,77.277174,Full-time
VOL_331,Jennifer Green,"['Search & Rescue', 'Surgeon', 'Event Setup']",28.680578,77.20931,Full-time
VOL_332,Ryan Johnson,"['Accounting', 'Cooking']",28.569651,77.118263,Weekday
VOL_333,Stephanie Davis,"['Translation', 'Social Media']",28.554888,77.220326,Weekday
VOL_334,Heather Buchanan MD,"['Accounting', 'IT Support']",28.606595,77.237609,Evening
VOL_335,Matthew Ross,"['Logistics', 'Social Media']",28.664838,77.19823,Full-time
VOL_336,Laura Davis,"['Data Entry', 'First Aid']",28.692027,77.168006,Evening
VOL_337,Christopher Duncan,"['Cleaning', 'Translation', 'Child Care']",28.62691,77.110346,Full-time
VOL_338,Taylor Fernandez,"['Event Setup', 'Data Entry']",28.676472,77.283592,Evening
VOL_339,Leah Phelps,['Social Media'],28.599672,77.162922,Evening
VOL_340,Pamela Kline,['Gardening'],28.623152,77.184242,Weekend
VOL_341,Hannah Ross DDS,['Translation'],28.696716,77.29329,Weekend
VOL_342,Curtis Wright,['Social Media'],28.536795,77.15324,Weekend
VOL_343,Kristin Maldonado,"['Cleaning', 'Gardening']",28.623095,77.28877,Weekend
VOL_344,Justin Garcia,"['Translation', 'Accounting', 'Surgeon']",28.675282,77.285737,Full-time
VOL_345,Nicholas Garcia,"['Social Media', 'Nurse']",28.590107,77.181597,Evening
VOL_346,Dominique Martin,['Gardening'],28.560017,77.255759,Weekend
VOL_347,Patricia Reyes,"['Shelter Management', 'Trauma Care']",28.657912,77.214534,Full-time
VOL_348,Sabrina Gonzalez,"['Translation', 'Accounting', 'Social Media']",28.620471,77.217543,Evening
VOL_349,Scott Booth,"['Surgeon', 'Shelter Management', 'Data Entry']",28.633684,77.142557,Weekday
VOL_350,Frank Graham,['Cleaning'],28.560016,77.222627,Evening
VOL_351,Alyssa Kennedy,['Mentoring'],28.686149,77.117956,Evening
VOL_352,Valerie Thomas,"['Teaching', 'IT Support']",28.569786,77.224513,Weekend
VOL_353,David Henry,"['Cooking', 'Gardening', 'Translation']",28.588992,77.18108,Weekday
VOL_354,Mariah Underwood,"['Shelter Management', 'Cooking', 'Social Media']",28.514713,77.285872,Weekday
VOL_355,Russell Brown,"['Surgeon', 'Logistics', 'EMT']",28.54294,77.135307,Weekday
VOL_356,Garrett Christian,"['Event Setup', 'Surgeon']",28.608691,77.180927,Weekday
VOL_357,William Allen,"['Gardening', 'IT Support']",28.66641,77.134973,Evening
VOL_358,Theresa Atkins,"['Surgeon', 'IT Support', 'Heavy Lifting']",28.687735,77.266185,Evening
VOL_359,Dana Davis,['EMT'],28.661343,77.215193,Full-time
VOL_360,Tracy Sanders,"['Gardening', 'Event Setup', 'Logistics']",28.554705,77.253806,Weekday
VOL_361,Derek Fowler,['Logistics'],28.544176,77.278381,Evening
VOL_362,Shelly Brown,['Nurse'],28.633622,77.250308,Evening
VOL_363,Tina Moore,['IT Support'],28.63431,77.113012,Weekend
VOL_364,Mark Lewis,"['Surgeon', 'Trauma Care']",28.672236,77.186004,Full-time
VOL_365,Scott Jones,"['Heavy Lifting', 'Mentoring']",28.531909,77.253506,Weekend
VOL_366,Valerie Perez,['Trauma Care'],28.533421,77.205576,Full-time
VOL_367,Kenneth Steele,['EMT'],28.670035,77.111055,Weekday
VOL_368,Ashley Weiss,['Data Entry'],28.661088,77.194656,Evening
VOL_369,Timothy Burgess,"['Accounting', 'EMT']",28.699494,77.131129,Full-time
VOL_370,Lindsey Davis,['Shelter Management'],28.525819,77.130604,Weekend
VOL_371,Jared Franco,"['Accounting', 'Social Media']",28.681554,77.272412,Full-time
VOL_372,Nancy Martin,['Translation'],28.583694,77.169679,Evening
VOL_373,Deborah Palmer,['Data Entry'],28.591761,77.147296,Evening
VOL_374,Jeffery Santana,"['Shelter Management', 'Data Entry', 'Cooking']",28.546775,77.219616,Evening
VOL_375,Steven Howell,"['Teaching', 'EMT', 'Nurse']",28.543909,77.287994,Full-time
VOL_376,Alexandra Vaughan,"['Event Setup', 'Social Media', 'Child Care']",28.620549,77.234768,Evening
VOL_377,Gavin Rodriguez,['Cooking'],28.562968,77.139033,Weekend
VOL_378,Charles Jones,"['First Aid', 'Mentoring', 'Gardening']",28.6092,77.129372,Evening
VOL_379,Stacy Barr,['Social Media'],28.625947,77.240032,Weekend
VOL_380,Daniel Hendrix MD,"['Data Entry', 'Accounting']",28.567249,77.136823,Full-time
VOL_381,Kelly Fleming,"['Trauma Care', 'Shelter Management']",28.555107,77.1549,Weekday
VOL_382,Ryan Holmes,"['Search & Rescue', 'Trauma Care']",28.596078,77.259115,Weekend
VOL_383,Amber Barnes,"['Accounting', 'Cooking']",28.62084,77.122177,Evening
VOL_384,Ethan Marquez,"['First Aid', 'Teaching', 'Cooking']",28.522699,77.287198,Full-time
VOL_385,Shelley Jordan,"['Logistics', 'Event Setup', 'Cleaning']",28.710374,77.307816,Weekday
VOL_386,Jason Walsh,['Child Care'],28.583399,77.273042,Weekday
VOL_387,Terri Bullock,['Child Care'],28.580026,77.204382,Full-time
VOL_388,Dale Chen,['Social Media'],28.677765,77.200508,Weekday
VOL_389,Patricia Davis,"['Heavy Lifting', 'Cooking']",28.5792,77.203119,Full-time
VOL_390,Samantha Wells,"['Trauma Care', 'Mentoring', 'IT Support']",28.520552,77.279019,Weekday
VOL_391,Cassandra Whitaker,"['Accounting', 'Cleaning']",28.642484,77.185597,Evening
VOL_392,Jay Levy,"['Accounting', 'Teaching']",28.631082,77.15914,Weekday
VOL_393,John Shelton,['Data Entry'],28.686371,77.162391,Full-time
VOL_394,Aaron Burnett,['Social Media'],28.554578,77.220928,Weekend
VOL_395,Alexandra Shepherd,"['IT Support', 'Shelter Management', 'Mentoring']",28.650482,77.308412,Weekend
VOL_396,Steven Wong,['Cleaning'],28.550331,77.203646,Weekday
VOL_397,Tanya Cox,"['Accounting', 'Logistics', 'Nurse']",28.658442,77.167332,Weekend
VOL_398,Kelly Spencer,"['Data Entry', 'Surgeon']",28.627906,77.20925,Evening
VOL_399,Ian Davis,['Mentoring'],28.63857,77.299847,Evening
VOL_400,Heidi Kelley,['First Aid'],28.571457,77.124256,Weekday
VOL_401,Mark West,"['Search & Rescue', 'EMT', 'Translation']",28.585676,77.174298,Full-time
VOL_402,Joanne Curtis,['Child Care'],28.65246,77.236253,Weekend
VOL_403,James Harper,"['First Aid', 'Event Setup']",28.578373,77.180074,Evening
VOL_404,Willie Schmidt,['Data Entry'],28.538352,77.243903,Full-time
VOL_405,Carolyn Mccormick,['EMT'],28.573683,77.25753,Weekend
VOL_406,Tara Solis,"['Surgeon', 'Heavy Lifting']",28.568114,77.172906,Evening
VOL_407,William Hudson,"['Teaching', 'Shelter Management', 'Gardening']",28.679756,77.161033,Weekend
VOL_408,Nicole Costa MD,"['EMT', 'Shelter Management']",28.566244,77.155267,Weekday
VOL_409,Stephen Steele,"['Data Entry', 'Accounting']",28.713735,77.11205,Weekday
VOL_410,Brandi Rojas,"['EMT', 'Accounting', 'Translation']",28.652281,77.277261,Full-time
VOL_411,Alan Stafford,"['Social Media', 'Cooking']",28.608319,77.13924,Full-time
VOL_412,Michelle White,"['Accounting', 'Surgeon', 'Teaching']",28.695778,77.265411,Full-time
VOL_413,Anthony Watson,['First Aid'],28.682329,77.177274,Weekday
VOL_414,David Cobb,['Heavy Lifting'],28.678483,77.14915,Evening
VOL_415,Kristi Rivera,['Teaching'],28.562705,77.265785,Weekday
VOL_416,Manuel Spears,['Search & Rescue'],28.698101,77.149863,Full-time
VOL_417,Jasmine Dawson,"['Gardening', 'Social Media', 'Mentoring']",28.576081,77.148173,Weekend
VOL_418,Patricia Holmes,"['Cooking', 'Child Care']",28.615038,77.136148,Full-time
VOL_419,Kenneth Craig,"['Shelter Management', 'IT Support', 'Gardening']",28.674917,77.270192,Weekend
VOL_420,Amy Dixon,"['Shelter Management', 'Trauma Care', 'Mentoring']",28.666126,77.294121,Weekend
VOL_421,Anthony James,"['Trauma Care', 'Accounting', 'Mentoring']",28.530984,77.237417,Full-time
VOL_422,Mindy Chambers,['Data Entry'],28.537352,77.246719,Weekday
VOL_423,John Little,"['Data Entry', 'Accounting']",28.691459,77.18398,Weekday
VOL_424,Erik Mckinney,['Logistics'],28.631346,77.242155,Weekend
VOL_425,Chad Coleman,"['Surgeon', 'Gardening']",28.702316,77.165148,Evening
VOL_426,Gregory Clark,"['Heavy Lifting', 'Surgeon']",28.554359,77.13666,Full-time
VOL_427,Caroline Ramirez,"['Teaching', 'Logistics', 'First Aid']",28.59897,77.20071,Full-time
VOL_428,Stephanie Davis,['Trauma Care'],28.698696,77.127912,Evening
VOL_429,Billy Hood,['Data Entry'],28.542681,77.296318,Weekday
VOL_430,Keith Sparks,"['Cooking', 'Trauma Care']",28.552039,77.23676,Full-time
VOL_431,Christian Kim,['Event Setup'],28.667445,77.246648,Full-time
VOL_432,Thomas White,['Data Entry'],28.57469,77.155376,Evening
VOL_433,Theresa Rhodes,"['IT Support', 'Logistics', 'Data Entry']",28.554523,77.113998,Full-time
VOL_434,Tiffany Vaughn,['Translation'],28.551482,77.2621,Evening
VOL_435,Amber Price,['Heavy Lifting'],28.535444,77.1241,Weekend
VOL_436,Miranda Torres,"['IT Support', 'Gardening']",28.640263,77.131417,Weekend
VOL_437,Mr. John Williams,"['Gardening', 'Event Setup', 'Social Media']",28.680476,77.241175,Evening
VOL_438,Eric Gutierrez,"['First Aid', 'Trauma Care']",28.683392,77.129557,Weekend
VOL_439,William Perry,['Accounting'],28.624523,77.22917,Full-time
VOL_440,Brooke Burke,"['Social Media', 'Shelter Management']",28.624688,77.298753,Weekday
VOL_441,Heather Miller,"['Cleaning', 'Teaching', 'Data Entry']",28.685657,77.195188,Full-time
VOL_442,Kevin Haynes,"['Accounting', 'Translation', 'Shelter Management']",28.701615,77.215111,Weekend
VOL_443,Michael Lloyd,"['First Aid', 'Gardening', 'Event Setup']",28.689007,77.122092,Evening
VOL_444,Michele Benson,"['EMT', 'Heavy Lifting']",28.605219,77.193274,Weekday
VOL_445,Melissa Price,['Logistics'],28.516806,77.117247,Full-time
VOL_446,David Taylor,"['Social Media', 'Nurse']",28.712293,77.24605,Evening
VOL_447,Trevor Rivera,"['EMT', 'Accounting', 'First Aid']",28.519847,77.258671,Weekend
VOL_448,Crystal Ray,"['Gardening', 'Nurse']",28.591761,77.13658,Weekday
VOL_449,Mark Mann,['Surgeon'],28.518607,77.28086,Weekend
VOL_450,Steven Martin,"['Teaching', 'Social Media']",28.601927,77.116848,Evening
VOL_451,Lisa Wright,['Trauma Care'],28.648019,77.262144,Weekday
VOL_452,Brian Johnson Jr.,"['Gardening', 'Mentoring', 'Cooking']",28.707778,77.247785,Weekend
VOL_453,Anna Smith,['Surgeon'],28.680854,77.118601,Evening
VOL_454,John Castaneda,"['Data Entry', 'EMT', 'First Aid']",28.55252,77.170312,Weekend
VOL_455,Trevor Rodriguez MD,['Nurse'],28.586299,77.246026,Full-time
VOL_456,Kelly Lopez,['Teaching'],28.69908,77.182977,Evening
VOL_457,Kimberly Hall,['EMT'],28.582899,77.133585,Evening
VOL_458,Heather Mclaughlin,['EMT'],28.657517,77.303193,Weekend
VOL_459,Robert Johnson,"['Social Media', 'Cooking', 'IT Support']",28.615201,77.214322,Weekday
VOL_460,Tina Martinez,"['Gardening', 'Social Media', 'Cleaning']",28.578283,77.177737,Evening
VOL_461,Karen Myers,"['IT Support', 'Search & Rescue']",28.581835,77.160375,Weekday
VOL_462,Tammy Chapman,['First Aid'],28.574604,77.170586,Weekend
VOL_463,Gerald Ortiz,"['Cooking', 'IT Support', 'Cleaning']",28.706414,77.267021,Full-time
VOL_464,Ms. Brenda Cardenas,"['First Aid', 'IT Support', 'Event Setup']",28.546907,77.2301,Evening
VOL_465,Debra Coleman,['Cooking'],28.586852,77.294348,Weekday
VOL_466,Brian Walker,['Mentoring'],28.570494,77.195521,Full-time
VOL_467,Ashley Fields,"['Trauma Care', 'Data Entry', 'Cleaning']",28.662903,77.244521,Evening
VOL_468,Mary Pruitt,"['Data Entry', 'Social Media', 'Teaching']",28.65121,77.210796,Weekday
VOL_469,Emily Miller,"['Data Entry', 'IT Support']",28.680958,77.170865,Weekend
VOL_470,Brandon Glover,['Mentoring'],28.577871,77.176204,Evening
VOL_471,Adam Anderson,"['Nurse', 'Event Setup', 'Shelter Management']",28.575579,77.128169,Full-time
VOL_472,Kenneth Miller,"['Teaching', 'Shelter Management']",28.657938,77.256276,Evening
VOL_473,Julia Brown MD,"['Surgeon', 'Search & Rescue', 'Gardening']",28.535763,77.308983,Full-time
VOL_474,Luis Mueller,"['Cooking', 'EMT', 'Mentoring']",28.539086,77.289042,Full-time
VOL_475,Mark Ho,"['Logistics', 'Heavy Lifting', 'Cleaning']",28.578325,77.130084,Full-time
VOL_476,Cheryl Olson,"['Cleaning', 'Shelter Management', 'Data Entry']",28.680391,77.193176,Full-time
VOL_477,Sean Coffey,"['Translation', 'Event Setup']",28.551207,77.109529,Evening
VOL_478,Jodi Miller,"['Cooking', 'Mentoring', 'Heavy Lifting']",28.553061,77.208251,Full-time
VOL_479,Mrs. Kimberly Clements,['Search & Rescue'],28.661268,77.156849,Weekend
VOL_480,Melinda Nguyen,['Event Setup'],28.689939,77.208378,Evening
VOL_481,Teresa Davis,"['Teaching', 'Event Setup']",28.706712,77.280863,Evening
VOL_482,Bernard Mata,"['Gardening', 'Shelter Management', 'Search & Rescue']",28.667555,77.287778,Weekend
VOL_483,Patty Wood,['Trauma Care'],28.693745,77.197968,Full-time
VOL_484,Debra Wallace,"['Mentoring', 'Translation', 'Trauma Care']",28.67194,77.295741,Evening
VOL_485,Jill Tapia,['Data Entry'],28.584019,77.245952,Weekday
VOL_486,Sharon Hanna MD,"['Logistics', 'Trauma Care', 'EMT']",28.583982,77.120092,Full-time
VOL_487,Jared Lara,['Translation'],28.677121,77.278425,Weekend
VOL_488,Samantha Wolf,"['First Aid', 'Teaching', 'Logistics']",28.681977,77.264353,Weekend
VOL_489,Diana Duncan,"['Cooking', 'Event Setup']",28.694797,77.284543,Weekend
VOL_490,Scott Frost,"['Cleaning', 'Child Care']",28.6939,77.151841,Evening
VOL_491,Monica Lee,"['Trauma Care', 'Heavy Lifting']",28.541858,77.111909,Weekend
VOL_492,Tyler Roberts,"['Data Entry', 'Accounting', 'Event Setup']",28.679399,77.295307,Weekday
VOL_493,William Thompson,"['EMT', 'Nurse']",28.668465,77.260471,Weekday
VOL_494,Amanda Miller,['IT Support'],28.540806,77.302037,Evening
VOL_495,Teresa Wells,"['Trauma Care', 'Child Care']",28.535885,77.162229,Weekend
VOL_496,David Maxwell,"['Data Entry', 'Translation', 'Surgeon']",28.651551,77.207525,Evening
VOL_497,Lori Mckay,"['Teaching', 'Shelter Management']",28.602918,77.30878,Weekend
VOL_498,Taylor Sanchez,"['Shelter Management', 'Teaching']",28.663764,77.207275,Full-time
VOL_499,Paul Bryant,['IT Support'],28.68643,77.1319,Weekday
